Fund Name,P1,P2,P3,P4,P5,Topsis score,Rank
M1,0.78,0.61,3.1,45.4,12.47,0.6525355127000254,2
M2,0.69,0.48,4.5,67.8,18.37,0.4382076488975439,4
M3,0.91,0.83,5.2,55.5,15.61,0.4262348570135037,5
M4,0.89,0.79,3.5,49.0,13.55,0.6904929850220166,1
M5,0.93,0.86,5.4,41.1,12.07,0.409059732473558,6
M6,0.87,0.76,5.4,42.0,12.26,0.36695523728760343,7
M7,0.77,0.59,3.9,34.7,9.99,0.5256402958913367,3
M8,0.72,0.52,5.6,48.6,13.86,0.2528260234538115,8
